{
    "n_epoch": [20],
    "batch_size": [16, 32, 64],
    "lr": [0.00001, 0.000001, 0.0000001, 0.0000005],
    "sender_entropy_coeff": [0.5, 2.0, 5.0],
    "opt_scheduler": [true, false],
    "max_len":[20, 30],
    "random_seed": [111]
}
