{
    "n_epoch": [20],
    "batch_size": [32, 64],
    "lr": [0.0001, 0.0005, 0.00001, 0.00005, 0.000001],
    "random_seed": [111],
    "beam_size":[3]
}
